{
  "Logistic Regression": {
    "model_name": "Logistic Regression",
    "mse": 44944.00398291649,
    "rmse": 212.00000939367075,
    "mae": 26.606196123674586,
    "r2": 0.8297298396631788,
    "mape": 4.109024052331055e+16
  },
  "Random Forest": {
    "model_name": "Random Forest",
    "mse": 102476.5028562468,
    "rmse": 320.11951339499257,
    "mae": 24.528733943706307,
    "r2": 0.6117682221031704,
    "mape": 3.0470245450893852e+16
  },
  "SVM": {
    "model_name": "SVM",
    "mse": 83558.74049500165,
    "rmse": 289.0652875995346,
    "mae": 27.210227244468605,
    "r2": 0.683438081150163,
    "mape": 3.043981363478933e+16
  },
  "Gradient Boosting": {
    "model_name": "Gradient Boosting",
    "mse": 84490.35136763206,
    "rmse": 290.67224044898416,
    "mae": 33.763311171339325,
    "r2": 0.6799086774789946,
    "mape": 5.701848751097122e+16
  },
  "Neural Network": {
    "model_name": "Neural Network",
    "mse": 43649.318400156895,
    "rmse": 208.924192950833,
    "mae": 25.790119750132444,
    "r2": 0.8346347502680738,
    "mape": 4.041863363269109e+16
  },
  "MLP Regressor": {
    "model_name": "MLP Regressor",
    "mse": 51090.35943609067,
    "rmse": 226.03176643138167,
    "mae": 24.793145503625816,
    "r2": 0.8064443992093897,
    "mape": 3.3959479849844652e+16
  },
  "Voting Regressor": {
    "model_name": "Voting Regressor",
    "mse": 71837.13134961674,
    "rmse": 268.0244976669423,
    "mae": 27.42288343167076,
    "r2": 0.7278453455618712,
    "mape": 3.9262029277045064e+16
  },
  "Stacking Regressor": {
    "model_name": "Stacking Regressor",
    "mse": 70684.55111732795,
    "rmse": 265.8656636674393,
    "mae": 28.99461983815641,
    "r2": 0.7322118906749291,
    "mape": 5.081270104295224e+16
  },
  "AdaBoost Regressor": {
    "model_name": "AdaBoost Regressor",
    "mse": 244348.72056023474,
    "rmse": 494.31641744962786,
    "mae": 411.0105381904152,
    "r2": 0.07428595272235361,
    "mape": 1.5051877259837614e+18
  },
  "Bagging Regressor": {
    "model_name": "Bagging Regressor",
    "mse": 121849.49151523258,
    "rmse": 349.0694651716655,
    "mae": 26.14472840450405,
    "r2": 0.5383737402403004,
    "mape": 3.3325588430527148e+16
  }
}