{
  "Logistic Regression": {
    "model_name": "Logistic Regression",
    "mse": 44944.003982916765,
    "rmse": 212.0000093936714,
    "mae": 26.606196123674625,
    "medae": 2.4053129632849455,
    "r2": 0.8297298396631778,
    "evs": 0.8297575581478318,
    "mape": 4.109024052331073e+16
  },
  "Random Forest": {
    "model_name": "Random Forest",
    "mse": 102476.5028562468,
    "rmse": 320.11951339499257,
    "mae": 24.528733943706307,
    "medae": 1.8636851832466015,
    "r2": 0.6117682221031704,
    "evs": 0.6118179677220921,
    "mape": 3.0470245450893852e+16
  },
  "SVM": {
    "model_name": "SVM",
    "mse": 83558.74049500162,
    "rmse": 289.06528759953454,
    "mae": 27.21022724446863,
    "medae": 0.11432059384445381,
    "r2": 0.683438081150163,
    "evs": 0.6838005481352221,
    "mape": 3.043981363478941e+16
  },
  "Gradient Boosting": {
    "model_name": "Gradient Boosting",
    "mse": 53117.89066529145,
    "rmse": 230.4731886039924,
    "mae": 25.438842757308873,
    "medae": 5.532828934909687,
    "r2": 0.79876310611376,
    "evs": 0.7988097114654626,
    "mape": 3.6965936035767304e+16
  },
  "Neural Network": {
    "model_name": "Neural Network",
    "mse": 43649.31840015685,
    "rmse": 208.9241929508329,
    "mae": 25.790119750132448,
    "medae": 4.031754858987293,
    "r2": 0.8346347502680739,
    "evs": 0.8346402988701661,
    "mape": 4.041863363269113e+16
  },
  "MLP Regressor": {
    "model_name": "MLP Regressor",
    "mse": 91382.72404497571,
    "rmse": 302.29575591624786,
    "mae": 32.00871443087083,
    "medae": 6.810539225171947,
    "r2": 0.6537969540704949,
    "evs": 0.6542888862108505,
    "mape": 4.694159611348842e+16
  },
  "Voting Regressor": {
    "model_name": "Voting Regressor",
    "mse": 63759.00630982579,
    "rmse": 252.5054579802698,
    "mae": 25.433250421336677,
    "medae": 2.431657674239282,
    "r2": 0.7584492865518399,
    "evs": 0.7585404091793295,
    "mape": 3.4333553881929636e+16
  },
  "Stacking Regressor": {
    "model_name": "Stacking Regressor",
    "mse": 71224.53341170566,
    "rmse": 266.8792487468924,
    "mae": 29.225887943503018,
    "medae": 1.4842022439133153,
    "r2": 0.7301661701406019,
    "evs": 0.7301725720049974,
    "mape": 5.157471050200556e+16
  },
  "AdaBoost Regressor": {
    "model_name": "AdaBoost Regressor",
    "mse": 244348.72056023474,
    "rmse": 494.31641744962786,
    "mae": 411.0105381904152,
    "medae": 437.83897849462363,
    "r2": 0.07428595272235361,
    "evs": 0.6640987547067165,
    "mape": 1.5051877259837614e+18
  },
  "Bagging Regressor": {
    "model_name": "Bagging Regressor",
    "mse": 121849.49151523258,
    "rmse": 349.0694651716655,
    "mae": 26.14472840450405,
    "medae": 1.4,
    "r2": 0.5383737402403004,
    "evs": 0.5384053839159867,
    "mape": 3.3325588430527148e+16
  }
}